course_id,user_id,username,registered,viewed,explored,certified,completed,ip,cc_by_ip,countryLabel,continent,city,region,subdivision,postalCode,un_major_region,un_economic_group,un_developing_nation,un_special_region,latitude,longitude,LoE,YoB,gender,grade,passing_grade,start_time,first_event,last_event,nevents,ndays_act,nplay_video,nchapters,nforum_posts,nforum_votes,nforum_endorsed,nforum_threads,nforum_comments,nforum_pinned,roles,nprogcheck,nproblem_check,nforum_events,mode,is_active,cert_created_date,cert_modified_date,cert_status,verified_enroll_time,verified_unenroll_time,profile_country,y1_anomalous,email_domain,language,language_download,language_nevents,language_ndiff,ntranscript,nshow_answer,nvideo,nvideos_unique_viewed,nvideos_total_watched,nseq_goto,nseek_video,npause_video,avg_dt,sdv_dt,max_dt,n_dt,sum_dt,roles_isBetaTester,roles_isInstructor,roles_isStaff,roles_isCCX,roles_isFinance,roles_isLibrary,roles_isSales,forumRoles_isAdmin,forumRoles_isCommunityTA,forumRoles_isModerator,forumRoles_isStudent
MITx/8.01r_3/2016_Fall,534230, i68dtx9, true,True,False,False,False,18.111.72.179,US,United States,,Cambridge,,,2139.0,,,,,42.3646,-71.1028,,,,,-1,2016-09-12 13:48:47 UTC,2016-08-24 15:23:13.849988 UTC,2016-10-12 13:55:26.23656 UTC,110,3,0,1.0,,,,,,,,0,0,0,audit,1,,,,,,,,mit.edu,,,,,0,0,0,,,0,0,0,24.49087028,49.92664528,291.529928,100,1651.196541,,,,,,,,,,,
MITx/8.01r_3/2016_Fall,534249, vzjekyz, true,True,False,False,False,18.189.53.197,US,United States,,Cambridge,,,2139.0,,,,,42.3646,-71.1028,,,,,-1,2016-09-08 14:37:36 UTC,2016-09-08 14:37:31.338822 UTC,2016-10-21 13:53:05.857416 UTC,18,2,0,2.0,,,,,,,,0,0,0,audit,1,,,,,,,,mit.edu,,,,,0,0,0,,,0,0,0,34.97767261,85.67290918,294.65722999999997,15,526.87819,,,,,,,,,,,
MITx/8.01r_3/2016_Fall,534252, eqzjx1j, true,True,False,False,False,18.189.119.225,US,United States,,Cambridge,,,2139.0,,,,,42.3646,-71.1028,,,,,-1,2016-10-01 22:31:48 UTC,2016-10-01 22:31:38.365774 UTC,2016-10-26 01:20:23.175863 UTC,22,2,0,2.0,,,,,,,,0,0,0,audit,0,,,,,,,,mit.edu,,,,,0,0,0,,,1,0,0,6.4910877000000005,7.767435066,33.12597,20,129.821754,,,,,,,,,,,
MITx/8.01r_3/2016_Fall,534257, 6qcvnh2, true,True,False,False,False,18.111.108.87,US,United States,,Cambridge,,,2139.0,,,,,42.3646,-71.1028,,,,,-1,2016-09-08 20:45:43 UTC,2016-09-08 20:45:41.053628 UTC,2016-09-08 23:53:06.332994 UTC,135,1,0,2.0,,,,,,,,0,44,0,audit,1,,,,,,,,mit.edu,,,,,0,4,0,,,11,0,0,8.523695387,31.56848484,282.983078,124,1056.938228,,,,,,,,,,,
MITx/8.01r_3/2016_Fall,534262, ieb5p9a, true,True,False,False,False,18.189.19.55,US,United States,,Cambridge,,,2139.0,,,,,42.3646,-71.1028,,,,,-1,2016-09-10 04:08:16 UTC,2016-09-10 04:08:12.872706 UTC,2016-09-10 05:22:10.146739 UTC,112,1,0,2.0,,,,,,,,0,50,0,audit,1,,,,,,,,mit.edu,,,,,0,2,0,,,5,0,0,13.17638212,30.601857899999995,167.23111200000002,109,1436.225651,,,,,,,,,,,
MITx/8.01r_3/2016_Fall,534265, 2s1ogkh, true,True,False,False,False,76.114.61.226,US,United States,,Sacramento,,,,,,,,38.5816,-121.4944,,,,,-1,2016-10-18 02:16:33 UTC,2016-10-18 02:16:31.797015 UTC,2017-02-05 16:36:21.877138 UTC,14,2,0,3.0,,,,,,,,0,0,0,audit,0,,,,,,,,mit.edu,,,,,0,0,0,,,1,0,0,22.41361733,64.88967963,228.28843199999997,12,268.963408,,,,,,,,,,,
MITx/8.01r_3/2016_Fall,534271, g8x409s, true,True,False,False,False,18.74.6.91,US,United States,,Cambridge,,,2139.0,,,,,42.3646,-71.1028,,,,,-1,2016-10-21 14:32:03 UTC,2016-10-14 16:00:05.870742 UTC,2016-12-09 17:20:19.073868 UTC,269,3,0,3.0,,,,,,,,0,116,0,audit,1,,,,,,,,mit.edu,,,,,0,0,0,,,1,0,0,10.12148263,36.45979733,291.714613,256,3185.53918,,,,,,,,,,,
MITx/8.01r_3/2016_Fall,534272, achojpb, true,True,False,False,False,73.16.215.149,,,,,,,,,,,,,,,,,,-1,2017-01-11 17:15:51 UTC,2017-01-11 17:15:09.766339 UTC,2017-01-11 17:18:20.544711 UTC,29,1,0,3.0,,,,,,,,0,0,0,audit,1,,,,,,,,mit.edu,en,0.0,9.0,1.0,0,0,0,,,5,0,0,6.813513286,10.6156734,42.076231,28,190.778372,,,,,,,,,,,
MITx/8.01r_3/2016_Fall,534277, rjfv5uz, true,True,False,False,False,18.189.73.226,US,United States,,Cambridge,,,2139.0,,,,,42.3646,-71.1028,,,,,-1,2016-09-10 08:32:25 UTC,2016-09-10 00:00:00 UTC,2016-09-18 12:26:02.55482 UTC,98,6,6,3.0,,,,,,,,2,0,0,audit,1,,,,,,,,mit.edu,en,0.0,10.0,1.0,0,0,6,3.0,0.013100437,9,9,4,3.433233332,10.13794724,82.579329,87,333.589531,,,,,,,,,,,
MITx/8.01r_3/2016_Fall,534279, xolejw8, true,True,False,False,False,18.189.36.140,US,United States,,Cambridge,,,2139.0,,,,,42.3646,-71.1028,,,,,-1,2016-09-08 18:44:14 UTC,2016-09-08 18:44:12.533078 UTC,2016-09-11 19:57:10.62047 UTC,355,4,10,3.0,,,,,,,,0,78,0,audit,1,,,,,,,,mit.edu,en,0.0,7.0,1.0,0,6,10,6.0,0.026200873,27,1,8,12.175479800000002,47.692212,288.129376,329,6043.939078,,,,,,,,,,,
MITx/8.01r_3/2016_Fall,534283, u5gdccb, true,True,False,False,False,18.189.108.124,US,United States,,Cambridge,,,2139.0,,,,,42.3646,-71.1028,,,,,-1,2016-09-07 01:05:45 UTC,2016-09-07 18:37:00.846255 UTC,2016-09-19 20:23:01.715194 UTC,53,4,0,4.0,,,,,,,,0,0,0,audit,1,,,,,,,,mit.edu,en,0.0,9.0,1.0,0,3,0,,,14,0,0,5.917694129,13.49492379,65.87679399999999,44,280.06920099999996,,,,,,,,,,,
MITx/8.01r_3/2016_Fall,534291, 0beasht, true,True,False,False,False,18.189.101.161,US,United States,,Cambridge,,,2139.0,,,,,42.3646,-71.1028,,,,,-1,2016-09-04 22:56:58 UTC,2016-09-04 22:56:42.752672 UTC,2016-09-16 12:06:51.14501 UTC,1341,11,22,4.0,,,,,,,,0,447,0,audit,1,,,,,,,,mit.edu,en,0.0,17.0,1.0,0,6,22,9.0,0.03930131,85,9,13,23.75569956,47.26511602,294.15655,1262,25354.46477,,,,,,,,,,,
MITx/8.01r_3/2016_Fall,534301, a3jm0iq, true,True,False,False,False,50.177.136.149,,,,,,,,,,,,,,,,,,-1,2016-09-10 15:31:56 UTC,2016-09-10 15:31:53.578183 UTC,2016-12-10 21:24:44.342755 UTC,346,7,2,5.0,,,,,,,,1,37,0,audit,1,,,,,,,,mit.edu,en,0.0,7.0,1.0,0,5,2,2.0,0.008733624,48,0,1,19.30346881,44.57315099,271.731313,323,6968.064375,,,,,,,,,,,
MITx/8.01r_3/2016_Fall,534305, bp8dli3, true,True,False,False,False,,,,,,,,,,,,,,,,,,,-1,2016-10-30 19:12:18 UTC,2016-10-30 19:12:16.394832 UTC,2016-12-04 20:45:20.980662 UTC,86,3,0,6.0,,,,,,,,0,0,0,audit,1,,,,,,,,mit.edu,,,,,0,3,0,,,44,0,0,7.881166887000001,27.46131287,197.342878,76,602.27,,,,,,,,,,,
MITx/8.01r_3/2016_Fall,534311, nvrze3k, true,True,False,False,False,18.189.42.5,US,United States,,Cambridge,,,2139.0,,,,,42.3646,-71.1028,,,,,-1,2016-09-13 22:32:21 UTC,2016-09-13 22:32:19.730865 UTC,2016-12-13 05:51:04.489206 UTC,121,11,0,7.0,,,,,,,,0,9,0,audit,1,,,,,,,,mit.edu,,,,,0,5,0,,,20,0,0,9.397011773,34.43225785,235.569094,100,1205.936311,,,,,,,,,,,
MITx/8.01r_3/2016_Fall,534317, etj0kup, true,True,False,False,False,192.54.222.12,US,United States,,Cambridge,,,2139.0,,,,,42.3646,-71.1028,,,,,-1,2016-09-07 17:17:59 UTC,2016-09-07 17:17:56.603677 UTC,2016-09-25 02:11:26.50169 UTC,1260,18,44,7.0,,,,,,,,0,321,0,audit,1,,,,,,,,mit.edu,en,0.0,59.0,1.0,0,25,44,15.0,0.06550218299999999,248,19,23,18.93846495,45.75037344,293.276249,1132,19890.10281,,,,,,,,,,,
MITx/8.01r_3/2016_Fall,534321, hazla5j, true,True,False,False,False,18.111.120.143,US,United States,,Cambridge,,,2139.0,,,,,42.3646,-71.1028,,,,,-1,2017-01-10 18:02:53 UTC,2017-01-10 18:02:40.215522 UTC,2017-01-18 18:06:02.076707 UTC,47,2,3,8.0,,,,,,,,0,0,0,audit,1,,,,,,,,mit.edu,en,0.0,3.0,1.0,0,0,3,3.0,0.013100437,0,0,3,6.240308725,7.178775619,31.149303999999997,37,228.440877,,,,,,,,,,,
MITx/8.01r_3/2016_Fall,534325, 5sdzsxk, true,True,False,False,False,18.111.97.225,US,United States,,Cambridge,,,2139.0,,,,,42.3646,-71.1028,,,,,-1,2016-09-06 18:32:31 UTC,2016-09-06 18:31:23.380804 UTC,2017-02-04 01:24:12.733584 UTC,2126,19,67,9.0,,,,,,,,12,589,0,audit,1,,,,,,,,mit.edu,en,0.0,30.0,1.0,0,52,67,14.0,0.061135370999999994,163,52,6,12.24288422,34.32029069,297.112887,2044,26591.12038,,,,,,,,,,,
MITx/8.01r_3/2016_Fall,534337, ryxhh5k, true,True,False,False,False,18.111.108.159,US,United States,,Cambridge,,,2139.0,,,,,42.3646,-71.1028,,,,,-1,2016-10-10 18:03:42 UTC,2016-10-10 18:03:41.152105 UTC,2016-12-16 22:08:23.124446 UTC,2695,36,0,13.0,,,,,,,,3,481,0,audit,1,,,,,,,,mit.edu,,,,,0,13,0,,,118,0,0,10.76026092,37.17685749,298.809997,2506,29906.639860000003,,,,,,,,,,,
MITx/8.01r_3/2016_Fall,534338, 7xhxh4u, true,True,False,False,False,18.189.59.97,US,United States,,Cambridge,,,2139.0,,,,,42.3646,-71.1028,,,,,-1,2016-09-07 01:05:45 UTC,2016-09-07 03:04:36.353369 UTC,2016-12-13 09:45:12.281262 UTC,574,24,0,13.0,,,,,,,,0,7,0,audit,1,,,,,,,,mit.edu,,,,,0,113,0,,,137,0,0,16.03687964,44.51177952,298.070655,482,9355.171079000002,,,,,,,,,,,
MITx/8.01r_3/2016_Fall,534342, hd3gfdn, true,True,False,False,False,18.189.97.55,US,United States,,Cambridge,,,2139.0,,,,,42.3646,-71.1028,,,,,-1,2016-09-07 01:05:44 UTC,2016-09-07 18:14:24.174742 UTC,2016-12-05 21:02:49.523421 UTC,471,16,0,15.0,,,,,,,,0,149,0,audit,1,,,,,,,,mit.edu,en,0.0,2.0,1.0,0,10,0,,,54,0,0,9.983932915,34.14721829,258.563324,439,5584.379863,,,,,,,,,,,
MITx/8.01r_3/2016_Fall,534346, svoh6vq, true,True,False,False,False,18.77.2.98,US,United States,,Cambridge,,,2139.0,,,,,42.3646,-71.1028,,,,,-1,2016-09-07 15:17:54 UTC,2016-09-07 15:17:39.443227 UTC,2017-01-20 20:04:42.039569 UTC,499,35,22,15.0,,,,,,,,0,0,0,audit,1,,,,,,,,mit.edu,en,0.0,16.0,1.0,0,30,22,12.0,0.052401747,21,1,12,10.86371481,42.91446319,296.546792,435,7392.911037000001,,,,,,,,,,,
MITx/8.01r_3/2016_Fall,534361, h2z4fai, true,True,True,False,False,76.24.19.169,US,United States,,Cambridge,,,,,,,,42.3751,-71.1056,,,,,-1,2016-09-07 13:35:20 UTC,2016-09-07 13:35:14.57271 UTC,2016-12-23 22:09:18.952163 UTC,3382,45,457,21.0,,,,,,,,0,38,0,audit,1,,,,,,,,mit.edu,en,0.0,380.0,1.0,0,44,457,84.0,0.36681222700000005,458,62,385,13.16615347,40.38214994,299.216338,3247,55501.075079999995,,,,,,,,,,,
MITx/8.01r_3/2016_Fall,534367, ad4ycu7, true,True,True,False,False,18.189.28.144,US,United States,,Cambridge,,,2139.0,,,,,42.3646,-71.1028,,,,,-1,2016-09-08 20:16:17 UTC,2016-09-08 00:00:00 UTC,2017-02-06 18:16:44.284766 UTC,3101,49,2,23.0,,,,,,,,4,1257,0,audit,1,,,,,,,,mit.edu,en,0.0,25.0,1.0,0,60,2,2.0,0.008733624,197,0,0,14.57424872,43.02897375,297.860906,2815,44827.50202,,,,,,,,,,,
MITx/8.01r_3/2016_Fall,534369, ne24qbg, true,True,True,False,False,18.189.103.84,US,United States,,Cambridge,,,2139.0,,,,,42.3646,-71.1028,,,,,-1,2016-10-07 19:28:19 UTC,2016-10-07 14:04:31.582526 UTC,2016-12-16 17:54:05.699219 UTC,3205,48,30,23.0,,,,,,,,13,1314,0,audit,1,,,,,,,,mit.edu,en,0.0,21.0,1.0,0,79,30,7.0,0.030567686,228,6,21,19.720847199999998,50.52592288,298.838285,2926,63418.25527,,,,,,,,,,,
MITx/8.01r_3/2016_Fall,534371, kyohi4j, true,True,True,False,False,18.245.0.78,US,United States,,Cambridge,,,2139.0,,,,,42.3646,-71.1028,,,,,-1,2016-09-07 17:22:13 UTC,2016-09-07 00:00:00 UTC,2017-02-07 18:16:12.262569 UTC,1985,50,69,23.0,,,,,,,,2,502,0,audit,1,,,,,,,,mit.edu,en,0.0,28.0,1.0,0,59,69,16.0,0.069868996,267,31,32,10.12422899,40.46248104,296.328584,1796,27570.990210000004,,,,,,,,,,,
MITx/8.01r_3/2016_Fall,534378, h4ttuf2, true,True,True,False,False,18.189.104.122,US,United States,,Cambridge,,,2139.0,,,,,42.3646,-71.1028,,,,,-1,2016-09-10 15:35:41 UTC,2016-09-10 15:35:38.463609 UTC,2016-12-19 21:52:23.713208 UTC,2211,36,46,24.0,,,,,,,,7,791,0,audit,1,,,,,,,,mit.edu,en,0.0,45.0,1.0,0,21,46,20.0,0.087336245,159,12,37,17.9689263,49.30374378,299.522161,2049,41916.67047,,,,,,,,,,,
MITx/8.01r_3/2016_Fall,534379, 5xkczkz, true,True,True,False,False,18.111.118.11,US,United States,,Cambridge,,,2139.0,,,,,42.3646,-71.1028,,,,,-1,2016-09-08 03:35:35 UTC,2016-09-08 03:35:18.631774 UTC,2016-12-20 23:14:46.413012 UTC,2275,53,0,25.0,,,,,,,,1,712,0,audit,1,,,,,,,,mit.edu,en,0.0,23.0,1.0,0,6,0,,,479,0,0,16.30203759,49.12088504,296.64937000000003,2067,44728.8607,,,,,,,,,,,
MITx/8.01r_3/2016_Fall,534380, nhisvot, true,True,True,False,False,18.111.50.122,US,United States,,Cambridge,,,2139.0,,,,,42.3646,-71.1028,,,,,-1,2016-09-10 19:14:30 UTC,2016-09-10 00:00:00 UTC,2016-12-24 02:06:37.200966 UTC,2233,52,15,25.0,,,,,,,,81,858,0,audit,1,,,,,,,,mit.edu,en,0.0,12.0,1.0,0,17,15,6.0,0.026200873,503,0,10,20.54570877,51.41258216,299.737047,1995,44057.490560000006,,,,,,,,,,,
MITx/8.01r_3/2016_Fall,534382, b98y0ff, true,True,True,False,False,18.189.57.240,US,United States,,Cambridge,,,2139.0,,,,,42.3646,-71.1028,,,,,-1,2016-09-07 18:21:32 UTC,2016-09-07 00:00:00 UTC,2016-12-26 16:55:22.588664 UTC,3172,53,32,25.0,,,,,,,,8,1268,0,audit,1,,,,,,,,mit.edu,en,0.0,39.0,1.0,0,44,32,8.0,0.034934498,460,9,20,17.47190678,48.236276200000006,297.71687799999995,2870,55411.22626,,,,,,,,,,,
MITx/8.01r_3/2016_Fall,534387, o9ng72p, true,True,True,False,False,18.189.124.47,US,United States,,Cambridge,,,2139.0,,,,,42.3646,-71.1028,,,,,-1,2016-09-11 17:01:29 UTC,2016-09-11 17:01:26.792685 UTC,2016-12-17 16:02:33.923948 UTC,3751,60,0,26.0,,,,,,,,3,1423,0,audit,1,,,,,,,,mit.edu,en,0.0,10.0,1.0,0,47,0,,,605,0,0,16.82198179,45.89825395,297.329789,3372,60586.43915,,,,,,,,,,,
MITx/8.01r_3/2016_Fall,534388, z4f17wo, true,True,True,False,False,24.61.13.26,US,United States,,Cambridge,,,2238.0,,,,,42.3751,-71.1056,,,,,-1,2016-09-07 01:05:43 UTC,2016-09-07 13:52:56.271564 UTC,2016-12-14 20:54:41.460873 UTC,1317,39,1,26.0,,,,,,,,1,46,0,audit,1,,,,,,,,mit.edu,en,0.0,11.0,1.0,0,158,1,1.0,0.004366812,300,0,1,16.39536681,50.89065566,291.22572599999995,1129,24660.139180000002,,,,,,,,,,,
MITx/8.01r_3/2016_Fall,534409, 8cs23cb, true,True,True,False,False,18.189.61.99,US,United States,,Cambridge,,,2139.0,,,,,42.3646,-71.1028,,,,,-1,2016-09-08 18:44:38 UTC,2016-09-08 18:44:34.865488 UTC,2016-12-20 23:42:47.739978 UTC,5952,73,0,28.0,,,,,,,,5,2507,0,audit,1,,,,,,,,mit.edu,en,0.0,16.0,1.0,0,156,0,,,459,0,0,17.11717771,47.06438335,298.643731,5560,105063.3481,,,,,,,,,,,
MITx/8.01r_3/2016_Fall,534412, u14h3j7, true,True,True,False,False,18.111.7.179,US,United States,,Cambridge,,,2139.0,,,,,42.3646,-71.1028,,,,,-1,2016-09-09 14:17:05 UTC,2016-09-09 14:17:03.224567 UTC,2017-01-09 16:38:55.240566 UTC,4606,48,3,28.0,,,,,,,,6,1753,0,audit,1,,,,,,,,mit.edu,en,0.0,23.0,1.0,0,84,3,3.0,0.013100437,744,0,2,11.90984302,39.38428095,299.529478,4380,63990.26187,,,,,,,,,,,
MITx/8.01r_3/2016_Fall,534431, b9obmuq, true,True,True,False,False,18.189.95.145,US,United States,,Cambridge,,,2139.0,,,,,42.3646,-71.1028,,,,,-1,2016-09-07 15:05:57 UTC,2016-09-07 15:05:55.329042 UTC,2016-12-21 18:22:56.043225 UTC,3868,72,59,28.0,,,,,,,,3,1407,0,audit,1,,,,,,,,mit.edu,en,0.0,39.0,1.0,0,76,59,14.0,0.061135370999999994,373,12,45,21.15996677,49.09955272,297.007631,3509,70649.49491000001,,,,,,,,,,,
MITx/8.01r_3/2016_Fall,534433, mco4i2q, true,True,True,False,False,18.111.95.61,US,United States,,Cambridge,,,2139.0,,,,,42.3646,-71.1028,,,,,-1,2016-09-07 21:11:56 UTC,2016-09-07 21:11:53.783807 UTC,2016-12-22 23:04:16.186066 UTC,3866,64,61,28.0,,,,,,,,3,1570,0,audit,1,,,,,,,,mit.edu,en,0.0,47.0,1.0,0,132,61,15.0,0.06550218299999999,238,24,43,16.867089399999998,47.60987127,297.92185,3514,65813.1937,,,,,,,,,,,
MITx/8.01r_3/2016_Fall,534434, 2vmch5z, true,True,True,False,False,192.54.222.28,US,United States,,Cambridge,,,2139.0,,,,,42.3646,-71.1028,,,,,-1,2016-09-03 20:38:45 UTC,2016-09-03 20:37:19.42653 UTC,2016-12-20 22:56:12.063155 UTC,4367,85,54,28.0,,,,,,,,12,1545,0,audit,1,,,,,,,,mit.edu,en,0.0,58.0,1.0,0,50,54,16.0,0.069868996,539,1,22,16.78691334,43.81582529,297.3626,3929,66972.25138,,,,,,,,,,,
MITx/8.01r_3/2016_Fall,534443, 4okjrc1, true,True,True,False,False,18.189.12.41,US,United States,,Cambridge,,,2139.0,,,,,42.3646,-71.1028,,,,,-1,2016-09-06 07:28:01 UTC,2016-09-06 07:25:06.091155 UTC,2017-02-08 16:10:17.357695 UTC,3878,50,68,28.0,,,,,,,,10,1441,0,audit,1,,,,,,,,mit.edu,en,0.0,58.0,1.0,0,74,68,32.0,0.139737991,240,15,33,16.06101192,47.24575801,299.957123,3598,70147.31254,,,,,,,,,,,
MITx/8.01r_3/2016_Fall,534444, 47aruk2, true,True,True,False,False,18.111.104.146,US,United States,,Cambridge,,,2139.0,,,,,42.3646,-71.1028,,,,,-1,2016-09-05 16:22:30 UTC,2016-09-05 16:22:28.871493 UTC,2016-12-15 23:36:09.248052 UTC,6891,68,79,28.0,,,,,,,,0,1943,0,audit,1,,,,,,,,mit.edu,en,0.0,63.0,1.0,0,161,79,32.0,0.139737991,983,27,73,16.87279158,48.27626965,299.890241,6438,124134.73300000001,,,,,,,,,,,
MITx/8.01r_3/2016_Fall,534455, 2q30g28, true,True,True,False,False,18.111.112.236,US,United States,,Cambridge,,,2139.0,,,,,42.3646,-71.1028,,,,,-1,2016-09-05 03:36:13 UTC,2016-09-05 03:36:11.595983 UTC,2016-12-20 23:12:29.974511 UTC,3719,79,0,29.0,,,,,,,,11,1254,0,audit,1,,,,,,,,mit.edu,en,0.0,24.0,1.0,0,136,0,,,572,0,0,20.41057524,52.72080072,299.494533,3188,72321.18883,,,,,,,,,,,
MITx/8.01r_3/2016_Fall,534463, 195z6gz, true,True,True,False,False,18.111.62.52,US,United States,,Cambridge,,,2139.0,,,,,42.3646,-71.1028,,,,,-1,2016-09-08 20:45:07 UTC,2016-09-08 00:00:00 UTC,2016-12-20 22:57:11.972511 UTC,4377,55,3,29.0,,,,,,,,3,1436,0,audit,1,,,,,,,,mit.edu,en,0.0,19.0,1.0,0,99,3,3.0,0.013100437,287,2,2,14.94363633,43.47802514,299.548228,4088,68540.71264,,,,,,,,,,,
MITx/8.01r_3/2016_Fall,534492, ftkqmsf, true,True,True,False,False,18.189.52.184,US,United States,,Cambridge,,,2139.0,,,,,42.3646,-71.1028,,,,,-1,2016-09-15 23:55:31 UTC,2016-09-09 20:15:07.395466 UTC,2016-12-20 23:55:13.08624 UTC,4544,68,877,29.0,,,,,,,,9,1368,0,audit,1,,,,,,,,mit.edu,en,0.0,43.0,1.0,0,96,877,13.0,0.056768559,348,10,24,18.73376644,45.35779853,299.901146,4170,74296.36673,,,,,,,,,,,
MITx/8.01r_3/2016_Fall,534493, hmegb3c, true,True,True,False,False,18.111.121.83,US,United States,,Cambridge,,,2139.0,,,,,42.3646,-71.1028,,,,,-1,2016-09-07 20:10:04 UTC,2016-09-07 00:00:00 UTC,2017-01-03 04:28:02.412766 UTC,3954,71,58,29.0,,,,,,,,3,1335,0,audit,1,,,,,,,,mit.edu,en,0.0,57.0,1.0,0,80,58,13.0,0.056768559,518,16,36,14.02852374,40.77064064,299.858466,3588,54703.697779999995,,,,,,,,,,,
MITx/8.01r_3/2016_Fall,534505, 7r3etx7, true,True,True,False,False,18.189.63.12,US,United States,,Cambridge,,,2139.0,,,,,42.3646,-71.1028,,,,,-1,2016-09-07 19:41:19 UTC,2016-09-07 19:40:21.896874 UTC,2017-02-09 19:30:55.633333 UTC,3860,58,105,29.0,,,,,,,,0,1052,0,audit,1,,,,,,,,mit.edu,en,0.0,51.0,1.0,0,50,105,29.0,0.126637555,455,30,78,18.14610821,48.62830325,295.91941099999997,3434,64183.4301,,,,,,,,,,,
MITx/8.01r_3/2016_Fall,534507, dmrpnls, true,True,True,False,False,18.189.111.222,US,United States,,Cambridge,,,2139.0,,,,,42.3646,-71.1028,,,,,-1,2016-09-07 03:29:41 UTC,2016-09-07 03:29:33.359572 UTC,2016-12-21 06:49:29.404777 UTC,5455,79,69,29.0,,,,,,,,1,2016,0,audit,1,,,,,,,,mit.edu,en,0.0,76.0,1.0,0,162,69,33.0,0.144104803,724,92,59,18.62908187,51.08701229,298.96910299999996,4839,101924.1965,,,,,,,,,,,
MITx/8.01r_3/2016_Fall,534520, h29zaj7, true,True,True,False,False,192.54.222.28,US,United States,,Cambridge,,,2139.0,,,,,42.3646,-71.1028,,,,,-1,2016-09-08 13:09:08 UTC,2016-09-08 13:09:03.405582 UTC,2016-12-17 20:26:00.981185 UTC,7805,60,278,29.0,,,,,,,,70,3092,0,audit,1,,,,,,,,mit.edu,en,0.0,233.0,1.0,0,82,278,59.0,0.257641921,804,145,236,17.45182203,38.10762566,297.22570099999996,7432,105854.1687,,,,,,,,,,,
MITx/8.01r_3/2016_Fall,534522, psdb3zn, true,True,True,False,False,18.111.107.27,US,United States,,Cambridge,,,2139.0,,,,,42.3646,-71.1028,,,,,-1,2016-09-04 22:26:49 UTC,2016-09-04 22:26:44.599083 UTC,2016-12-17 20:50:02.118503 UTC,7533,80,583,29.0,,,,,,,,4,2106,0,audit,1,,,,,,,,mit.edu,en,0.0,126.0,1.0,0,221,583,60.0,0.26200873399999997,1493,405,169,18.87826146,42.37473132,297.002877,6986,116024.6871,,,,,,,,,,,
MITx/8.01r_3/2016_Fall,534526, 12wzveh, true,True,True,False,False,18.189.82.203,US,United States,,Cambridge,,,2139.0,,,,,42.3646,-71.1028,,,,,-1,2016-09-08 23:39:09 UTC,2016-09-08 23:39:07.655229 UTC,2017-01-11 16:15:18.803069 UTC,6598,82,241,29.0,,,,,,,,18,2013,0,audit,1,,,,,,,,mit.edu,en,0.0,174.0,1.0,0,163,241,100.0,0.43668122299999995,901,62,175,14.99974684,42.61748674,299.973438,6232,112680.04699999999,,,,,,,,,,,
MITx/8.01r_3/2016_Fall,534540, ybgypw9, true,True,True,False,False,18.189.3.249,US,United States,,Cambridge,,,2139.0,,,,,42.3646,-71.1028,,,,,-1,2016-09-06 22:36:30 UTC,2016-09-06 22:36:27.405294 UTC,2016-12-20 22:58:14.12172 UTC,4774,68,15,30.0,,,,,,,,3,2047,0,audit,1,,,,,,,,mit.edu,en,0.0,30.0,1.0,0,106,15,3.0,0.013100437,503,5,11,14.90992676,42.95753209,298.515641,4418,75048.85809,,,,,,,,,,,
MITx/8.01r_3/2016_Fall,534549, 12jo3yw, true,True,True,False,False,18.111.110.210,US,United States,,Cambridge,,,2139.0,,,,,42.3646,-71.1028,,,,,-1,2016-09-04 19:11:47 UTC,2016-09-04 19:11:44.124172 UTC,2017-02-08 19:40:22.610842 UTC,6401,73,11,30.0,,,,,,,,6,2197,0,audit,1,,,,,,,,mit.edu,en,0.0,21.0,1.0,0,173,11,6.0,0.026200873,474,1,9,14.09317692,40.74440585,299.31539399999997,6039,93621.15682,,,,,,,,,,,
MITx/8.01r_3/2016_Fall,534563, stzocp0, true,True,True,False,False,18.189.13.250,US,United States,,Cambridge,,,2139.0,,,,,42.3646,-71.1028,,,,,-1,2016-09-06 15:17:07 UTC,2016-09-06 15:17:01.115616 UTC,2016-12-16 20:54:32.714461 UTC,3993,72,15,30.0,,,,,,,,0,1308,0,audit,1,,,,,,,,mit.edu,en,0.0,21.0,1.0,0,59,15,10.0,0.043668122000000004,563,4,9,19.91778282,47.71806102,298.20487599999996,3490,65604.87952999999,,,,,,,,,,,
MITx/8.01r_3/2016_Fall,534573, w5s12gm, true,True,True,False,False,18.189.37.20,US,United States,,Cambridge,,,2139.0,,,,,42.3646,-71.1028,,,,,-1,2016-09-04 01:51:19 UTC,2016-09-04 01:47:36.142223 UTC,2016-12-17 09:13:46.071422 UTC,5279,75,72,30.0,,,,,,,,4,1690,0,audit,1,,,,,,,,mit.edu,en,0.0,35.0,1.0,0,97,72,13.0,0.056768559,373,47,25,17.82533392,47.54797974,299.574803,4780,92713.05322,,,,,,,,,,,
MITx/8.01r_3/2016_Fall,534585, 7oth4p4, true,True,True,False,False,18.189.122.193,US,United States,,Cambridge,,,2139.0,,,,,42.3646,-71.1028,,,,,-1,2016-09-07 17:16:15 UTC,2016-09-07 17:16:14.027594 UTC,2017-01-09 23:59:30.063436 UTC,6849,101,104,30.0,,,,,,,,19,2134,0,audit,1,,,,,,,,mit.edu,en,0.0,87.0,1.0,0,99,104,18.0,0.07860262,1125,69,36,17.84110084,43.30933315,299.74421,6269,104897.0606,,,,,,,,,,,
MITx/8.01r_3/2016_Fall,534612, n4rzdiy, true,True,True,False,False,18.189.34.129,US,United States,,Cambridge,,,2139.0,,,,,42.3646,-71.1028,,,,,-1,2016-09-08 00:25:00 UTC,2016-09-08 00:24:33.746907 UTC,2016-12-20 00:03:10.350307 UTC,5812,65,91,30.0,,,,,,,,10,2154,0,audit,1,,,,,,,,mit.edu,en,0.0,60.0,1.0,0,227,91,33.0,0.144104803,490,6,51,18.56055899,48.4351727,299.911386,5292,101798.6318,,,,,,,,,,,
MITx/8.01r_3/2016_Fall,534616, 2o09qs8, true,True,True,False,False,192.54.222.28,US,United States,,Cambridge,,,2139.0,,,,,42.3646,-71.1028,,,,,-1,2016-09-08 03:34:32 UTC,2016-09-08 03:34:29.453975 UTC,2016-12-16 21:49:48.438042 UTC,7148,66,143,30.0,,,,,,,,16,3066,0,audit,1,,,,,,,,mit.edu,en,0.0,90.0,1.0,0,94,143,37.0,0.161572052,873,44,93,19.02584483,43.25138431,299.287215,6732,120547.1538,,,,,,,,,,,
MITx/8.01r_3/2016_Fall,534622, 7wodtcz, true,True,True,False,False,18.189.54.192,US,United States,,Cambridge,,,2139.0,,,,,42.3646,-71.1028,,,,,-1,2016-09-03 18:28:01 UTC,2016-09-03 18:16:42.38025 UTC,2016-12-20 23:10:57.194673 UTC,7259,81,212,30.0,,,,,,,,1,2433,0,audit,1,,,,,,,,mit.edu,en,0.0,70.0,1.0,0,224,212,41.0,0.179039301,917,41,71,21.99639812,49.80125588,299.812164,6677,148235.945,,,,,,,,,,,
MITx/8.01r_3/2016_Fall,534624, gslxkj3, true,True,True,False,False,18.111.54.67,US,United States,,Cambridge,,,2139.0,,,,,42.3646,-71.1028,,,,,-1,2016-09-06 04:13:47 UTC,2016-09-06 04:13:45.397914 UTC,2017-02-07 22:54:40.763735 UTC,4188,75,175,30.0,,,,,,,,10,1292,0,audit,1,,,,,,,,mit.edu,en,0.0,90.0,1.0,0,78,175,44.0,0.192139738,284,37,134,17.04821512,46.51978643,299.984193,3809,73170.96429,,,,,,,,,,,
MITx/8.01r_3/2016_Fall,534627, fbnfms1, true,True,True,False,False,18.189.68.57,US,United States,,Cambridge,,,2139.0,,,,,42.3646,-71.1028,,,,,-1,2016-09-03 19:00:43 UTC,2016-09-03 19:00:40.339097 UTC,2016-12-20 17:28:27.416723 UTC,5458,67,97,30.0,,,,,,,,6,1726,0,audit,1,,,,,,,,mit.edu,en,0.0,155.0,1.0,0,98,97,51.0,0.222707424,765,15,63,19.93838094,49.39009549,296.643371,5028,109566.9083,,,,,,,,,,,
MITx/8.01r_3/2016_Fall,534628, vn1nr7u, true,True,True,False,False,18.189.67.161,US,United States,,Cambridge,,,2139.0,,,,,42.3646,-71.1028,,,,,-1,2016-09-07 15:20:49 UTC,2016-09-07 00:00:00 UTC,2016-12-16 21:37:40.164204 UTC,7643,80,205,30.0,,,,,,,,5,1735,0,audit,1,,,,,,,,mit.edu,en,0.0,143.0,1.0,0,116,205,52.0,0.227074236,1157,41,153,21.85478085,45.42491188,298.530015,6963,126672.0823,,,,,,,,,,,
MITx/8.01r_3/2016_Fall,534631, l2r20jz, true,True,True,False,False,18.111.80.216,US,United States,,Cambridge,,,2139.0,,,,,42.3646,-71.1028,,,,,-1,2016-09-08 22:55:41 UTC,2016-09-08 22:55:29.317592 UTC,2016-12-21 18:46:37.687317 UTC,6865,78,301,30.0,,,,,,,,69,2206,0,audit,1,,,,,,,,mit.edu,en,0.0,174.0,1.0,0,131,301,66.0,0.288209607,1029,81,238,18.17777385,48.12887609,299.341315,6337,133277.29,,,,,,,,,,,
MITx/8.01r_3/2016_Fall,534646, 3fcfth5, true,True,True,False,False,18.111.126.217,US,United States,,Cambridge,,,2139.0,,,,,42.3646,-71.1028,,,,,-1,2016-09-07 16:07:34 UTC,2016-09-06 20:05:04.248089 UTC,2017-01-10 04:49:12.841184 UTC,6280,79,744,30.0,,,,,,,,5,1483,0,audit,1,,,,,,,,mit.edu,en,0.0,245.0,1.0,0,123,744,161.0,0.703056769,623,239,178,15.81832824,48.01912068,299.582289,5883,107521.0548,,,,,,,,,,,
MITx/8.01r_3/2016_Fall,534647, a0vorqk, true,True,True,False,False,18.189.117.235,US,United States,,Cambridge,,,2139.0,,,,,42.3646,-71.1028,,,,,-1,2016-09-07 13:33:57 UTC,2016-09-07 00:00:00 UTC,2017-02-08 02:02:39.308193 UTC,8795,75,2987,30.0,,,,,,,,0,1631,0,audit,1,,,,,,,,mit.edu,en,0.0,261.0,1.0,0,78,2987,201.0,0.877729258,424,365,660,24.37139734,44.72842933,299.138189,8344,155937.1617,,,,,,,,,,,
MITx/8.01r_3/2016_Fall,534648, 533gfeo, true,True,True,False,False,18.189.120.76,US,United States,,Cambridge,,,2139.0,,,,,42.3646,-71.1028,,,,,-1,2016-09-04 12:07:00 UTC,2016-09-04 12:06:55.338537 UTC,2017-02-07 18:16:58.342144 UTC,4494,82,0,31.0,,,,,,,,3,1931,0,audit,1,,,,,,,,mit.edu,en,0.0,13.0,1.0,0,147,0,,,251,0,0,19.46988721,48.64830281,297.22224500000004,4095,86032.03077,,,,,,,,,,,
MITx/8.01r_3/2016_Fall,534650, cyxgkj9, true,True,True,False,False,18.111.30.250,US,United States,,Cambridge,,,2139.0,,,,,42.3646,-71.1028,,,,,-1,2016-09-06 14:55:59 UTC,2016-09-06 14:55:57.699907 UTC,2017-02-05 21:07:46.163931 UTC,8148,97,0,31.0,,,,,,,,10,2117,0,audit,1,,,,,,,,mit.edu,en,0.0,15.0,1.0,0,218,0,,,1168,0,0,16.00463171,44.23859483,297.612463,7494,124844.9564,,,,,,,,,,,
MITx/8.01r_3/2016_Fall,534652, 5luzoc6, true,True,True,False,False,192.54.222.4,US,United States,,Cambridge,,,2139.0,,,,,42.3646,-71.1028,,,,,-1,2016-09-07 13:15:15 UTC,2016-09-07 13:15:10.584178 UTC,2016-12-22 21:15:05.768013 UTC,4530,81,0,31.0,,,,,,,,6,1769,0,audit,1,,,,,,,,mit.edu,en,0.0,14.0,1.0,0,157,0,,,567,0,0,17.87657083,50.01760895,298.84165299999995,3988,81441.32128999999,,,,,,,,,,,
MITx/8.01r_3/2016_Fall,534664, 65s4z7e, true,True,True,False,False,18.189.39.189,US,United States,,Cambridge,,,2139.0,,,,,42.3646,-71.1028,,,,,-1,2016-09-07 17:14:35 UTC,2016-09-07 17:14:33.688451 UTC,2016-12-25 00:22:09.559835 UTC,5588,80,6,31.0,,,,,,,,3,1712,0,audit,1,,,,,,,,mit.edu,en,0.0,11.0,1.0,0,92,6,2.0,0.008733624,982,0,6,15.61716622,42.35229996,299.928721,5108,78319.55305,,,,,,,,,,,
MITx/8.01r_3/2016_Fall,534693, jnwe2gg, true,True,True,False,False,18.111.120.26,US,United States,,Cambridge,,,2139.0,,,,,42.3646,-71.1028,,,,,-1,2016-09-07 17:33:44 UTC,2016-09-07 17:33:27.814676 UTC,2017-01-13 05:17:32.85883 UTC,5636,76,9,31.0,,,,,,,,8,1942,0,audit,1,,,,,,,,mit.edu,en,0.0,28.0,1.0,0,115,9,7.0,0.030567686,668,0,8,16.69468191,47.66848961,298.468208,5132,100788.1172,,,,,,,,,,,
MITx/8.01r_3/2016_Fall,534698, w1ifybk, true,True,True,False,False,209.6.119.197,US,United States,,Arlington,,,2474.0,,,,,42.4166,-71.1469,,,,,-1,2016-09-08 23:31:15 UTC,2016-09-08 00:00:00 UTC,2016-12-22 01:44:42.528969 UTC,5063,78,30,31.0,,,,,,,,21,1349,0,audit,1,,,,,,,,mit.edu,en,0.0,39.0,1.0,0,96,30,8.0,0.034934498,391,10,11,16.64854285,44.55193682,295.70410699999996,4661,84135.17595,,,,,,,,,,,
MITx/8.01r_3/2016_Fall,534709, j1d50h0, true,True,True,False,False,18.189.34.234,US,United States,,Cambridge,,,2139.0,,,,,42.3646,-71.1028,,,,,-1,2016-09-08 15:15:43 UTC,2016-09-08 15:15:41.458029 UTC,2016-12-21 00:35:18.947644 UTC,5110,76,25,31.0,,,,,,,,7,1752,0,audit,1,,,,,,,,mit.edu,en,0.0,52.0,1.0,0,189,25,10.0,0.043668122000000004,655,17,17,18.30917267,50.01428457,299.47392,4607,96800.92157,,,,,,,,,,,
MITx/8.01r_3/2016_Fall,534717, 45d5y89, true,True,True,False,False,18.189.117.174,US,United States,,Cambridge,,,2139.0,,,,,42.3646,-71.1028,,,,,-1,2016-09-09 23:25:40 UTC,2016-09-09 00:00:00 UTC,2016-12-19 12:46:13.572967 UTC,7879,75,69,31.0,,,,,,,,2,2611,0,audit,1,,,,,,,,mit.edu,en,0.0,52.0,1.0,0,235,69,11.0,0.048034934,962,26,12,17.56666143,45.8860867,299.170641,7343,133914.8591,,,,,,,,,,,
MITx/8.01r_3/2016_Fall,534718, wnnz3rt, true,True,True,False,False,18.111.50.170,US,United States,,Cambridge,,,2139.0,,,,,42.3646,-71.1028,,,,,-1,2016-09-08 20:27:33 UTC,2016-09-08 00:00:00 UTC,2016-12-20 18:07:24.623603 UTC,4362,71,25,31.0,,,,,,,,17,1346,0,audit,1,,,,,,,,mit.edu,en,0.0,14.0,1.0,0,167,25,12.0,0.052401747,441,0,21,17.07220923,48.39714834,298.86556,3943,77535.93757000001,,,,,,,,,,,
MITx/8.01r_3/2016_Fall,534744, rf1gqm9, true,True,True,False,False,18.111.70.26,US,United States,,Cambridge,,,2139.0,,,,,42.3646,-71.1028,,,,,-1,2016-09-07 13:16:25 UTC,2016-09-07 13:16:23.365006 UTC,2016-12-17 00:27:06.38814 UTC,5536,65,67,31.0,,,,,,,,10,1955,0,audit,1,,,,,,,,mit.edu,en,0.0,56.0,1.0,0,156,67,14.0,0.061135370999999994,410,41,25,17.74565022,46.24701423,296.54387,5105,94126.37019,,,,,,,,,,,
MITx/8.01r_3/2016_Fall,534758, ae8s777, true,True,True,False,False,18.189.66.230,US,United States,,Cambridge,,,2139.0,,,,,42.3646,-71.1028,,,,,-1,2016-09-07 19:03:07 UTC,2016-09-07 19:02:25.728266 UTC,2017-01-24 04:55:51.027274 UTC,7088,86,32,31.0,,,,,,,,22,2564,0,audit,1,,,,,,,,mit.edu,en,0.0,42.0,1.0,0,213,32,16.0,0.069868996,1115,1,30,20.38653029,50.76933525,299.59147,6466,142247.7188,,,,,,,,,,,
MITx/8.01r_3/2016_Fall,534771, fln1zpr, true,True,True,False,False,18.111.110.106,US,United States,,Cambridge,,,2139.0,,,,,42.3646,-71.1028,,,,,-1,2016-09-08 18:02:41 UTC,2016-09-03 17:24:16.339007 UTC,2017-01-23 07:38:16.524584 UTC,8965,86,40,31.0,,,,,,,,26,3241,0,audit,1,,,,,,,,mit.edu,en,0.0,46.0,1.0,0,301,40,18.0,0.07860262,1438,6,30,16.82536007,50.33703137,298.53754399999997,8172,171794.4897,,,,,,,,,,,
MITx/8.01r_3/2016_Fall,534774, hdvdo4k, true,True,True,False,False,18.189.109.67,US,United States,,Cambridge,,,2139.0,,,,,42.3646,-71.1028,,,,,-1,2016-09-08 04:24:09 UTC,2016-09-08 04:24:06.109476 UTC,2017-02-09 17:34:22.666246 UTC,6419,69,71,31.0,,,,,,,,21,1644,0,audit,1,,,,,,,,mit.edu,en,0.0,71.0,1.0,0,148,71,18.0,0.07860262,1062,99,59,18.76314601,49.28707365,298.736125,5894,123308.0578,,,,,,,,,,,
MITx/8.01r_3/2016_Fall,534783, psgxuej, true,True,True,False,False,18.111.98.37,US,United States,,Cambridge,,,2139.0,,,,,42.3646,-71.1028,,,,,-1,2016-09-07 13:36:30 UTC,2016-09-07 00:00:00 UTC,2016-12-17 22:12:46.24991 UTC,9165,85,354,31.0,,,,,,,,5,1739,0,audit,1,,,,,,,,mit.edu,en,0.0,323.0,1.0,0,402,354,23.0,0.100436681,1363,156,244,15.67038369,42.15696801,299.60792799999996,8429,131398.1911,,,,,,,,,,,
MITx/8.01r_3/2016_Fall,534786, 4nv45bt, true,True,True,False,False,18.189.69.49,US,United States,,Cambridge,,,2139.0,,,,,42.3646,-71.1028,,,,,-1,2016-09-06 06:21:44 UTC,2016-09-05 14:01:35.420116 UTC,2017-02-07 19:13:28.087722 UTC,4505,80,85,31.0,,,,,,,,7,1315,0,audit,1,,,,,,,,mit.edu,en,0.0,128.0,1.0,0,132,85,24.0,0.10480349300000001,454,38,41,13.80005398,42.05164492,295.470171,4027,62471.41347000001,,,,,,,,,,,
MITx/8.01r_3/2016_Fall,534790, 7qj0ukr, true,True,True,False,False,192.54.222.4,US,United States,,Cambridge,,,2139.0,,,,,42.3646,-71.1028,,,,,-1,2016-09-06 22:37:46 UTC,2016-09-06 22:37:44.668742 UTC,2016-12-21 04:48:40.926423 UTC,4908,75,109,31.0,,,,,,,,4,1346,0,audit,1,,,,,,,,mit.edu,en,0.0,44.0,1.0,0,197,109,26.0,0.113537118,635,30,88,15.38825429,49.09678613,299.66177000000005,4452,86446.95387,,,,,,,,,,,
MITx/8.01r_3/2016_Fall,534801, jcon4qg, true,True,True,False,False,18.111.96.227,US,United States,,Cambridge,,,2139.0,,,,,42.3646,-71.1028,,,,,-1,2016-09-08 13:10:18 UTC,2016-09-08 00:00:00 UTC,2016-12-20 03:01:47.553937 UTC,7061,82,86,31.0,,,,,,,,3,2142,0,audit,1,,,,,,,,mit.edu,en,0.0,62.0,1.0,0,198,86,29.0,0.126637555,779,10,56,15.48150094,45.80429016,299.370674,6442,114378.5483,,,,,,,,,,,
MITx/8.01r_3/2016_Fall,534809, 296j5cx, true,True,True,False,False,18.111.106.143,US,United States,,Cambridge,,,2139.0,,,,,42.3646,-71.1028,,,,,-1,2016-09-07 22:24:23 UTC,2016-09-07 00:00:00 UTC,2016-12-19 19:31:47.33316 UTC,8202,82,162,31.0,,,,,,,,7,3228,0,audit,1,,,,,,,,mit.edu,en,0.0,107.0,1.0,0,198,162,32.0,0.139737991,775,209,46,16.98378596,47.61140733,299.395618,7497,139687.4019,,,,,,,,,,,
MITx/8.01r_3/2016_Fall,534811, d3upe85, true,True,True,False,False,18.189.97.69,US,United States,,Cambridge,,,2139.0,,,,,42.3646,-71.1028,,,,,-1,2016-09-07 13:53:30 UTC,2016-09-07 00:00:00 UTC,2017-01-30 19:08:46.007853 UTC,14475,105,167,31.0,,,,,,,,16,3308,0,audit,1,,,,,,,,mit.edu,en,0.0,153.0,1.0,0,237,167,32.0,0.139737991,3434,69,56,14.19251945,42.89954757,298.348954,13449,216324.56399999998,,,,,,,,,,,
MITx/8.01r_3/2016_Fall,534814, cz1ir0n, true,True,True,False,False,18.189.83.192,US,United States,,Cambridge,,,2139.0,,,,,42.3646,-71.1028,,,,,-1,2016-09-07 13:19:12 UTC,2016-09-07 13:18:35.544097 UTC,2016-12-17 22:16:17.1871 UTC,12099,85,5679,31.0,,,,,,,,4,2203,0,audit,1,,,,,,,,mit.edu,en,0.0,131.0,1.0,0,123,5679,35.0,0.152838428,1218,23,48,20.52901318,35.24322506,299.259924,11470,114179.3968,,,,,,,,,,,
MITx/8.01r_3/2016_Fall,534815, gxwcv9x, true,True,True,False,False,18.189.46.233,US,United States,,Cambridge,,,2139.0,,,,,42.3646,-71.1028,,,,,-1,2016-09-07 13:32:58 UTC,2016-09-07 13:32:55.667592 UTC,2017-01-04 00:58:25.090308 UTC,6892,83,196,31.0,,,,,,,,14,1893,0,audit,1,,,,,,,,mit.edu,en,0.0,82.0,1.0,0,165,196,36.0,0.15720524,843,82,122,17.25439031,46.57328778,299.19739300000003,6250,118461.4217,,,,,,,,,,,
MITx/8.01r_3/2016_Fall,534822, 90o1r4t, true,True,True,False,False,18.189.80.83,US,United States,,Cambridge,,,2139.0,,,,,42.3646,-71.1028,,,,,-1,2016-09-03 11:18:28 UTC,2016-09-03 11:18:27.16144 UTC,2016-12-20 23:07:29.975373 UTC,5126,77,68,31.0,,,,,,,,25,1352,0,audit,1,,,,,,,,mit.edu,en,0.0,98.0,1.0,0,191,68,37.0,0.161572052,586,23,50,16.48047423,47.38454043,299.319146,4696,87302.66136,,,,,,,,,,,
MITx/8.01r_3/2016_Fall,534829, 1fvdmne, true,True,True,False,False,18.111.52.137,US,United States,,Cambridge,,,2139.0,,,,,42.3646,-71.1028,,,,,-1,2016-09-03 20:55:09 UTC,2016-09-03 20:53:52.067654 UTC,2016-12-20 23:14:06.030466 UTC,5529,81,65,31.0,,,,,,,,7,1897,0,audit,1,,,,,,,,mit.edu,en,0.0,76.0,1.0,0,129,65,40.0,0.174672489,528,15,53,18.34870265,46.91773023,298.629051,5025,95523.49941,,,,,,,,,,,
MITx/8.01r_3/2016_Fall,534833, ltmrbfs, true,True,True,False,False,192.54.222.12,US,United States,,Cambridge,,,2139.0,,,,,42.3646,-71.1028,,,,,-1,2016-09-06 15:35:47 UTC,2016-09-06 15:35:30.631524 UTC,2017-02-09 23:45:12.34814 UTC,7180,85,152,31.0,,,,,,,,2,2545,0,audit,1,,,,,,,,mit.edu,en,0.0,99.0,1.0,0,176,152,41.0,0.179039301,336,20,118,18.96940432,50.98079553,299.493258,6570,143638.1456,,,,,,,,,,,
MITx/8.01r_3/2016_Fall,534837, 5adpp4h, true,True,True,False,False,18.111.48.98,US,United States,,Cambridge,,,2139.0,,,,,42.3646,-71.1028,,,,,-1,2016-09-03 17:20:40 UTC,2016-09-03 17:20:37.491753 UTC,2016-12-22 15:15:20.152737 UTC,10494,90,96,31.0,,,,,,,,9,3390,0,audit,1,,,,,,,,mit.edu,en,0.0,146.0,1.0,0,352,96,42.0,0.18340611399999998,1962,40,65,14.99473603,45.01740785,298.24159,9740,172224.9096,,,,,,,,,,,
MITx/8.01r_3/2016_Fall,534848, 53hydha, true,True,True,False,False,18.189.30.223,US,United States,,Cambridge,,,2139.0,,,,,42.3646,-71.1028,,,,,-1,2016-09-08 16:05:29 UTC,2016-09-08 16:05:22.296016 UTC,2016-12-21 01:59:08.126472 UTC,8518,73,849,31.0,,,,,,,,8,2004,0,audit,1,,,,,,,,mit.edu,en,0.0,184.0,1.0,0,223,849,47.0,0.205240175,1679,196,57,11.89658547,35.3026011,293.062381,8114,101400.6786,,,,,,,,,,,
MITx/8.01r_3/2016_Fall,534865, 6cwpeff, true,True,True,False,False,18.111.12.56,US,United States,,Cambridge,,,2139.0,,,,,42.3646,-71.1028,,,,,-1,2016-09-03 17:40:45 UTC,2016-09-03 17:40:18.233833 UTC,2016-12-28 23:56:50.559694 UTC,11996,80,127,31.0,,,,,,,,10,2270,0,audit,1,,,,,,,,mit.edu,en,0.0,253.0,1.0,0,197,127,52.0,0.227074236,2132,20,92,14.246299100000002,37.28591839,299.667151,11539,157417.5663,,,,,,,,,,,
MITx/8.01r_3/2016_Fall,534866, fke3v8v, true,True,True,False,False,18.111.53.128,US,United States,,Cambridge,,,2139.0,,,,,42.3646,-71.1028,,,,,-1,2016-09-07 20:42:36 UTC,2016-09-07 20:42:32.810502 UTC,2016-12-30 11:03:35.148839 UTC,6442,69,232,31.0,,,,,,,,13,1811,0,audit,1,,,,,,,,mit.edu,en,0.0,181.0,1.0,0,81,232,52.0,0.227074236,1293,169,57,15.27380435,44.65425541,298.352744,5957,103493.3574,,,,,,,,,,,
MITx/8.01r_3/2016_Fall,534880, dws0ta5, true,True,True,False,False,18.189.63.118,US,United States,,Cambridge,,,2139.0,,,,,42.3646,-71.1028,,,,,-1,2016-09-07 13:20:08 UTC,2016-09-07 13:20:05.913342 UTC,2016-12-20 00:03:03.703416 UTC,8438,83,584,31.0,,,,,,,,28,2052,0,audit,1,,,,,,,,mit.edu,en,0.0,169.0,1.0,0,117,584,56.0,0.244541485,787,131,129,15.61578741,44.02101506,298.505921,7765,132029.7787,,,,,,,,,,,
MITx/8.01r_3/2016_Fall,534882, zerihfp, true,True,True,False,False,18.189.123.193,US,United States,,Cambridge,,,2139.0,,,,,42.3646,-71.1028,,,,,-1,2016-09-07 13:19:52 UTC,2016-09-07 13:19:50.519551 UTC,2017-01-30 17:26:43.134208 UTC,6955,78,201,31.0,,,,,,,,7,1260,0,audit,0,,,,,,,,mit.edu,en,0.0,245.0,1.0,0,279,201,56.0,0.244541485,1491,345,78,12.07513202,38.22935232,296.653862,6448,92227.13316,,,,,,,,,,,
MITx/8.01r_3/2016_Fall,534883, c6ufsrg, true,True,True,False,False,18.111.59.176,US,United States,,Cambridge,,,2139.0,,,,,42.3646,-71.1028,,,,,-1,2016-09-08 13:08:42 UTC,2016-09-08 13:08:40.59007 UTC,2016-12-19 07:49:47.227049 UTC,5383,45,251,31.0,,,,,,,,7,1399,0,audit,1,,,,,,,,mit.edu,en,0.0,176.0,1.0,0,181,251,57.0,0.248908297,1067,145,88,13.71573669,42.01464992,298.591698,5062,79965.09212,,,,,,,,,,,
MITx/8.01r_3/2016_Fall,534891, x9sqpre, true,True,True,False,False,18.189.61.193,US,United States,,Cambridge,,,2139.0,,,,,42.3646,-71.1028,,,,,-1,2016-09-07 17:14:52 UTC,2016-09-07 17:14:47.788187 UTC,2016-12-18 22:30:00.921115 UTC,6541,74,526,31.0,,,,,,,,29,2048,0,audit,1,,,,,,,,mit.edu,en,0.0,129.0,1.0,0,164,526,62.0,0.270742358,427,45,150,17.89573537,44.24130563,298.67231499999997,6055,108190.1207,,,,,,,,,,,
MITx/8.01r_3/2016_Fall,534910, scc6vb0, true,True,True,False,False,18.111.78.97,US,United States,,Cambridge,,,2139.0,,,,,42.3646,-71.1028,,,,,-1,2016-09-07 02:21:18 UTC,2016-09-07 02:21:15.900251 UTC,2016-12-23 03:21:33.023775 UTC,12257,96,386,31.0,,,,,,,,12,2410,0,audit,1,,,,,,,,mit.edu,en,0.0,173.0,1.0,0,492,386,78.0,0.340611354,2345,217,192,18.83497649,44.45488014,299.065428,11233,201564.3914,,,,,,,,,,,
MITx/8.01r_3/2016_Fall,534914, 3v6bnnh, true,True,True,False,False,192.54.222.20,US,United States,,Cambridge,,,2139.0,,,,,42.3646,-71.1028,,,,,-1,2016-09-04 18:24:59 UTC,2016-09-04 18:14:37.760646 UTC,2017-02-08 03:41:37.257397 UTC,6993,78,140,31.0,,,,,,,,1,2612,0,audit,1,,,,,,,,mit.edu,en,0.0,112.0,1.0,0,101,140,82.0,0.358078603,404,50,122,18.36696983,52.06586836,299.658333,6312,136293.0765,,,,,,,,,,,
MITx/8.01r_3/2016_Fall,534924, y58iol5, true,True,True,False,False,18.189.50.128,US,United States,,Cambridge,,,2139.0,,,,,42.3646,-71.1028,,,,,-1,2016-09-07 16:00:46 UTC,2016-09-07 16:00:43.268603 UTC,2016-12-21 12:31:58.905011 UTC,13730,93,1397,31.0,,,,,,,,109,2666,0,audit,1,,,,,,,,mit.edu,en,0.0,682.0,1.0,0,302,1397,99.0,0.43231441,2808,107,546,15.25959414,41.53279602,299.96625,12888,206493.3399,,,,,,,,,,,
MITx/8.01r_3/2016_Fall,534927, vndozi2, true,True,True,False,False,192.54.222.28,US,United States,,Cambridge,,,2139.0,,,,,42.3646,-71.1028,,,,,-1,2016-09-07 03:13:26 UTC,2016-09-07 03:13:24.416105 UTC,2016-12-19 19:49:27.397456 UTC,9902,78,2495,31.0,,,,,,,,0,2246,0,audit,1,,,,,,,,mit.edu,en,0.0,200.0,1.0,0,251,2495,101.0,0.441048035,885,99,257,20.70927162,43.81989172,299.575897,9232,150094.5841,,,,,,,,,,,
MITx/8.01r_3/2016_Fall,534940, 36dfnqh, true,True,True,False,False,18.189.115.119,US,United States,,Cambridge,,,2139.0,,,,,42.3646,-71.1028,,,,,-1,2016-09-07 21:14:12 UTC,2016-09-07 06:14:24.706662 UTC,2016-12-20 03:23:12.92844 UTC,5927,79,273,31.0,,,,,,,,1,1646,0,audit,1,,,,,,,,mit.edu,en,0.0,260.0,1.0,0,106,273,129.0,0.563318777,808,135,219,15.56191292,47.26265152,299.882354,5362,103627.9918,,,,,,,,,,,
MITx/8.01r_3/2016_Fall,534941, 8v6ey4g, true,True,True,False,False,18.189.4.145,US,United States,,Cambridge,,,2139.0,,,,,42.3646,-71.1028,,,,,-1,2016-09-06 17:33:46 UTC,2016-09-06 17:31:29.528029 UTC,2016-12-29 00:45:57.718327 UTC,9261,82,358,31.0,,,,,,,,36,2351,0,audit,1,,,,,,,,mit.edu,en,0.0,264.0,1.0,0,300,358,129.0,0.563318777,1545,137,279,13.96420497,41.08906849,299.016234,8666,135900.4193,,,,,,,,,,,
MITx/8.01r_3/2016_Fall,534944, 0icp128, true,True,True,False,False,192.54.222.28,US,United States,,Cambridge,,,2139.0,,,,,42.3646,-71.1028,,,,,-1,2016-09-03 17:04:50 UTC,2016-09-03 17:04:47.728856 UTC,2017-02-04 17:09:38.847286 UTC,12605,93,280,31.0,,,,,,,,1,3307,0,audit,0,,,,,,,,mit.edu,en,0.0,320.0,1.0,0,606,280,135.0,0.589519651,2224,87,131,17.79264958,49.56648648,299.904598,11676,243984.1136,,,,,,,,,,,
